[{"BillingCategory":"SEVERANCE TAXES","Period":"Sep 2011","PeriodDate":"\/Date(1314835200000)\/","TotalExpense":6628.06},{"BillingCategory":"COMPANY FIELD LABOR - FIELD LABOR","Period":"Sep 2011","PeriodDate":"\/Date(1314835200000)\/","TotalExpense":1632.44},{"BillingCategory":"FUEL & POWER","Period":"Sep 2011","PeriodDate":"\/Date(1314835200000)\/","TotalExpense":763.43},{"BillingCategory":"R&M PUMPING UNIT","Period":"Sep 2011","PeriodDate":"\/Date(1314835200000)\/","TotalExpense":711.2},{"BillingCategory":"CONTRACT PUMPER","Period":"Sep 2011","PeriodDate":"\/Date(1314835200000)\/","TotalExpense":607.9},{"BillingCategory":"ADMINISTRATIVE OVERHEAD","Period":"Sep 2011","PeriodDate":"\/Date(1314835200000)\/","TotalExpense":560.93},{"BillingCategory":"VEHICLE EXPENSE","Period":"Sep 2011","PeriodDate":"\/Date(1314835200000)\/","TotalExpense":492.42},{"BillingCategory":"COMPANY FIELD LABOR - FIELD BURDEN","Period":"Sep 2011","PeriodDate":"\/Date(1314835200000)\/","TotalExpense":344.89},{"BillingCategory":"REPAIR & MAINTENANCE - SURFACE","Period":"Sep 2011","PeriodDate":"\/Date(1314835200000)\/","TotalExpense":190},{"BillingCategory":"LABOR - CONTRACTED","Period":"Sep 2011","PeriodDate":"\/Date(1314835200000)\/","TotalExpense":59.53},{"BillingCategory":"SEVERANCE TAXES - ACCRUALS","Period":"Sep 2011","PeriodDate":"\/Date(1314835200000)\/","TotalExpense":-6628.06},{"BillingCategory":"SEVERANCE TAXES","Period":"Aug 2011","PeriodDate":"\/Date(1312156800000)\/","TotalExpense":20607.18},{"BillingCategory":"SWAB RIGS","Period":"Aug 2011","PeriodDate":"\/Date(1312156800000)\/","TotalExpense":4933.5},{"BillingCategory":"SUCKER RODS & ACCESSORIES","Period":"Aug 2011","PeriodDate":"\/Date(1312156800000)\/","TotalExpense":3866.51},{"BillingCategory":"SWD, INJ WELL & MIT TEST","Period":"Aug 2011","PeriodDate":"\/Date(1312156800000)\/","TotalExpense":882},{"BillingCategory":"COMPANY FIELD LABOR - FIELD LABOR","Period":"Aug 2011","PeriodDate":"\/Date(1312156800000)\/","TotalExpense":868.57},{"BillingCategory":"FUEL & POWER","Period":"Aug 2011","PeriodDate":"\/Date(1312156800000)\/","TotalExpense":738.79},{"BillingCategory":"SUBMERSIBLE PUMPS","Period":"Aug 2011","PeriodDate":"\/Date(1312156800000)\/","TotalExpense":650.53},{"BillingCategory":"LABOR - CONTRACTED","Period":"Aug 2011","PeriodDate":"\/Date(1312156800000)\/","TotalExpense":631.25},{"BillingCategory":"ADMINISTRATIVE OVERHEAD","Period":"Aug 2011","PeriodDate":"\/Date(1312156800000)\/","TotalExpense":560.93},{"BillingCategory":"REPAIR & MAINTENANCE - SUBSURFACE","Period":"Aug 2011","PeriodDate":"\/Date(1312156800000)\/","TotalExpense":550},{"BillingCategory":"VEHICLE EXPENSE","Period":"Aug 2011","PeriodDate":"\/Date(1312156800000)\/","TotalExpense":325.8},{"BillingCategory":"COMPANY FIELD LABOR - FIELD BURDEN","Period":"Aug 2011","PeriodDate":"\/Date(1312156800000)\/","TotalExpense":242.78},{"BillingCategory":"REPAIR & MAINTENANCE - SURFACE","Period":"Aug 2011","PeriodDate":"\/Date(1312156800000)\/","TotalExpense":190},{"BillingCategory":"SEVERANCE TAXES","Period":"Jul 2011","PeriodDate":"\/Date(1309478400000)\/","TotalExpense":31717.88},{"BillingCategory":"WATER AND RELATED EXPENSES","Period":"Jul 2011","PeriodDate":"\/Date(1309478400000)\/","TotalExpense":3399.7},{"BillingCategory":"CONTRACT PUMPER","Period":"Jul 2011","PeriodDate":"\/Date(1309478400000)\/","TotalExpense":1427.4},{"BillingCategory":"SWD, INJ WELL & MIT TEST","Period":"Jul 2011","PeriodDate":"\/Date(1309478400000)\/","TotalExpense":947.31},{"BillingCategory":"LOE - NONOP WELLS","Period":"Jul 2011","PeriodDate":"\/Date(1309478400000)\/","TotalExpense":841.63},{"BillingCategory":"COMPANY FIELD LABOR - FIELD LABOR","Period":"Jul 2011","PeriodDate":"\/Date(1309478400000)\/","TotalExpense":795.63},{"BillingCategory":"ADMINISTRATIVE OVERHEAD","Period":"Jul 2011","PeriodDate":"\/Date(1309478400000)\/","TotalExpense":560.93},{"BillingCategory":"VEHICLE EXPENSE","Period":"Jul 2011","PeriodDate":"\/Date(1309478400000)\/","TotalExpense":288.69},{"BillingCategory":"COMPANY FIELD LABOR - FIELD BURDEN","Period":"Jul 2011","PeriodDate":"\/Date(1309478400000)\/","TotalExpense":222.09},{"BillingCategory":"SEVERANCE TAXES","Period":"Jun 2011","PeriodDate":"\/Date(1306886400000)\/","TotalExpense":29703.51},{"BillingCategory":"SERVICE RIGS","Period":"Jun 2011","PeriodDate":"\/Date(1306886400000)\/","TotalExpense":16310},{"BillingCategory":"WATER AND RELATED EXPENSES","Period":"Jun 2011","PeriodDate":"\/Date(1306886400000)\/","TotalExpense":5362.97},{"BillingCategory":"MISCELLANEOUS INTANGIBLE","Period":"Jun 2011","PeriodDate":"\/Date(1306886400000)\/","TotalExpense":4848.4},{"BillingCategory":"SWD, INJ WELL & MIT TEST","Period":"Jun 2011","PeriodDate":"\/Date(1306886400000)\/","TotalExpense":4476.8},{"BillingCategory":"SUBMERSIBLE PUMPS","Period":"Jun 2011","PeriodDate":"\/Date(1306886400000)\/","TotalExpense":2800.54},{"BillingCategory":"SUCKER RODS & ACCESSORIES","Period":"Jun 2011","PeriodDate":"\/Date(1306886400000)\/","TotalExpense":2595.12},{"BillingCategory":"EQUIPMENT RENTAL - SURFACE","Period":"Jun 2011","PeriodDate":"\/Date(1306886400000)\/","TotalExpense":1557},{"BillingCategory":"REPAIR & MAINTENANCE - SURFACE","Period":"Jun 2011","PeriodDate":"\/Date(1306886400000)\/","TotalExpense":1035},{"BillingCategory":"COMPANY FIELD LABOR - FIELD LABOR","Period":"Jun 2011","PeriodDate":"\/Date(1306886400000)\/","TotalExpense":936.06},{"BillingCategory":"ADMINISTRATIVE OVERHEAD","Period":"Jun 2011","PeriodDate":"\/Date(1306886400000)\/","TotalExpense":560.93},{"BillingCategory":"FUEL & POWER","Period":"Jun 2011","PeriodDate":"\/Date(1306886400000)\/","TotalExpense":484.29},{"BillingCategory":"SPILL COSTS - CLEANUP","Period":"Jun 2011","PeriodDate":"\/Date(1306886400000)\/","TotalExpense":340},{"BillingCategory":"COMPANY FIELD LABOR - FIELD BURDEN","Period":"Jun 2011","PeriodDate":"\/Date(1306886400000)\/","TotalExpense":268.4},{"BillingCategory":"VEHICLE EXPENSE","Period":"Jun 2011","PeriodDate":"\/Date(1306886400000)\/","TotalExpense":265.62},{"BillingCategory":"LABOR - CONTRACTED","Period":"Jun 2011","PeriodDate":"\/Date(1306886400000)\/","TotalExpense":215.69},{"BillingCategory":"VALVES & FITTINGS","Period":"Jun 2011","PeriodDate":"\/Date(1306886400000)\/","TotalExpense":45.41},{"BillingCategory":"R&M PUMPING UNIT","Period":"Jun 2011","PeriodDate":"\/Date(1306886400000)\/","TotalExpense":44.84},{"BillingCategory":"SEVERANCE TAXES","Period":"May 2011","PeriodDate":"\/Date(1304208000000)\/","TotalExpense":52003.12},{"BillingCategory":"SWD, INJ WELL & MIT TEST","Period":"May 2011","PeriodDate":"\/Date(1304208000000)\/","TotalExpense":2283.05},{"BillingCategory":"CONTRACT PUMPER","Period":"May 2011","PeriodDate":"\/Date(1304208000000)\/","TotalExpense":682.58},{"BillingCategory":"ADMINISTRATIVE OVERHEAD","Period":"May 2011","PeriodDate":"\/Date(1304208000000)\/","TotalExpense":560.93},{"BillingCategory":"COMPANY FIELD LABOR - FIELD LABOR","Period":"May 2011","PeriodDate":"\/Date(1304208000000)\/","TotalExpense":493.85},{"BillingCategory":"VEHICLE EXPENSE","Period":"May 2011","PeriodDate":"\/Date(1304208000000)\/","TotalExpense":226.61},{"BillingCategory":"COMPANY FIELD LABOR - FIELD BURDEN","Period":"May 2011","PeriodDate":"\/Date(1304208000000)\/","TotalExpense":137.34},{"BillingCategory":"LOE - NONOP WELLS","Period":"May 2011","PeriodDate":"\/Date(1304208000000)\/","TotalExpense":98.06},{"BillingCategory":"SEVERANCE TAXES","Period":"Apr 2011","PeriodDate":"\/Date(1301616000000)\/","TotalExpense":35747.2},{"BillingCategory":"WATER AND RELATED EXPENSES","Period":"Apr 2011","PeriodDate":"\/Date(1301616000000)\/","TotalExpense":910.7},{"BillingCategory":"COMPANY FIELD LABOR - FIELD LABOR","Period":"Apr 2011","PeriodDate":"\/Date(1301616000000)\/","TotalExpense":568.44},{"BillingCategory":"ADMINISTRATIVE OVERHEAD","Period":"Apr 2011","PeriodDate":"\/Date(1301616000000)\/","TotalExpense":560.93},{"BillingCategory":"COMPANY FIELD LABOR - FIELD BURDEN","Period":"Apr 2011","PeriodDate":"\/Date(1301616000000)\/","TotalExpense":162.59},{"BillingCategory":"VEHICLE EXPENSE","Period":"Apr 2011","PeriodDate":"\/Date(1301616000000)\/","TotalExpense":157.35},{"BillingCategory":"LOE - NONOP WELLS","Period":"Apr 2011","PeriodDate":"\/Date(1301616000000)\/","TotalExpense":88.48},{"BillingCategory":"SEVERANCE TAXES","Period":"Mar 2011","PeriodDate":"\/Date(1298937600000)\/","TotalExpense":48217.1},{"BillingCategory":"CONTRACT PUMPER","Period":"Mar 2011","PeriodDate":"\/Date(1298937600000)\/","TotalExpense":829.6},{"BillingCategory":"LOE - NONOP WELLS","Period":"Mar 2011","PeriodDate":"\/Date(1298937600000)\/","TotalExpense":583.27},{"BillingCategory":"COMPANY FIELD LABOR - FIELD LABOR","Period":"Mar 2011","PeriodDate":"\/Date(1298937600000)\/","TotalExpense":312.07},{"BillingCategory":"COMPANY FIELD LABOR - FIELD BURDEN","Period":"Mar 2011","PeriodDate":"\/Date(1298937600000)\/","TotalExpense":97.76},{"BillingCategory":"VEHICLE EXPENSE","Period":"Mar 2011","PeriodDate":"\/Date(1298937600000)\/","TotalExpense":82.67},{"BillingCategory":"SUCKER RODS & ACCESSORIES","Period":"Mar 2011","PeriodDate":"\/Date(1298937600000)\/","TotalExpense":71.04},{"BillingCategory":"SEVERANCE TAXES","Period":"Feb 2011","PeriodDate":"\/Date(1296518400000)\/","TotalExpense":32776.01},{"BillingCategory":"CONTRACT PUMPER","Period":"Feb 2011","PeriodDate":"\/Date(1296518400000)\/","TotalExpense":1779.61},{"BillingCategory":"LOE - NONOP WELLS","Period":"Feb 2011","PeriodDate":"\/Date(1296518400000)\/","TotalExpense":899.12},{"BillingCategory":"WATER AND RELATED EXPENSES","Period":"Feb 2011","PeriodDate":"\/Date(1296518400000)\/","TotalExpense":202.3},{"BillingCategory":"VEHICLE EXPENSE","Period":"Feb 2011","PeriodDate":"\/Date(1296518400000)\/","TotalExpense":73.82},{"BillingCategory":"COMPANY FIELD LABOR - FIELD LABOR","Period":"Feb 2011","PeriodDate":"\/Date(1296518400000)\/","TotalExpense":49.13},{"BillingCategory":"COMPANY FIELD LABOR - FIELD BURDEN","Period":"Feb 2011","PeriodDate":"\/Date(1296518400000)\/","TotalExpense":15.58},{"BillingCategory":"SEVERANCE TAXES","Period":"Jan 2011","PeriodDate":"\/Date(1293840000000)\/","TotalExpense":38984.03},{"BillingCategory":"REPAIR & MAINTENANCE - SURFACE","Period":"Jan 2011","PeriodDate":"\/Date(1293840000000)\/","TotalExpense":1610},{"BillingCategory":"LOE - NONOP WELLS","Period":"Jan 2011","PeriodDate":"\/Date(1293840000000)\/","TotalExpense":833.97},{"BillingCategory":"CONTRACT PUMPER","Period":"Jan 2011","PeriodDate":"\/Date(1293840000000)\/","TotalExpense":600},{"BillingCategory":"SWD, INJ WELL & MIT TEST","Period":"Jan 2011","PeriodDate":"\/Date(1293840000000)\/","TotalExpense":204.05},{"BillingCategory":"CHEMICALS","Period":"Jan 2011","PeriodDate":"\/Date(1293840000000)\/","TotalExpense":101.57},{"BillingCategory":"SUCKER RODS & ACCESSORIES","Period":"Jan 2011","PeriodDate":"\/Date(1293840000000)\/","TotalExpense":27.5},{"BillingCategory":"VEHICLE EXPENSE","Period":"Jan 2011","PeriodDate":"\/Date(1293840000000)\/","TotalExpense":3.22},{"BillingCategory":"SEVERANCE TAXES","Period":"Dec 2010","PeriodDate":"\/Date(1291161600000)\/","TotalExpense":47500.18},{"BillingCategory":"WATER AND RELATED EXPENSES","Period":"Dec 2010","PeriodDate":"\/Date(1291161600000)\/","TotalExpense":2485.35},{"BillingCategory":"VALVES & FITTINGS","Period":"Dec 2010","PeriodDate":"\/Date(1291161600000)\/","TotalExpense":2351.33},{"BillingCategory":"CONTRACT PUMPER","Period":"Dec 2010","PeriodDate":"\/Date(1291161600000)\/","TotalExpense":1262.34},{"BillingCategory":"LOE - NONOP WELLS","Period":"Dec 2010","PeriodDate":"\/Date(1291161600000)\/","TotalExpense":921.74},{"BillingCategory":"HOT OILING","Period":"Dec 2010","PeriodDate":"\/Date(1291161600000)\/","TotalExpense":844.24},{"BillingCategory":"CHEMICALS","Period":"Dec 2010","PeriodDate":"\/Date(1291161600000)\/","TotalExpense":461.69},{"BillingCategory":"REPAIR & MAINTENANCE - SURFACE","Period":"Dec 2010","PeriodDate":"\/Date(1291161600000)\/","TotalExpense":368},{"BillingCategory":"SEVERANCE TAXES","Period":"Nov 2010","PeriodDate":"\/Date(1288569600000)\/","TotalExpense":45366.51},{"BillingCategory":"WATER AND RELATED EXPENSES","Period":"Nov 2010","PeriodDate":"\/Date(1288569600000)\/","TotalExpense":1440.25},{"BillingCategory":"CONTRACT PUMPER","Period":"Nov 2010","PeriodDate":"\/Date(1288569600000)\/","TotalExpense":1171.43},{"BillingCategory":"SEVERANCE TAXES","Period":"Oct 2010","PeriodDate":"\/Date(1285891200000)\/","TotalExpense":50077.08},{"BillingCategory":"WATER AND RELATED EXPENSES","Period":"Oct 2010","PeriodDate":"\/Date(1285891200000)\/","TotalExpense":1757.6},{"BillingCategory":"CONTRACT PUMPER","Period":"Oct 2010","PeriodDate":"\/Date(1285891200000)\/","TotalExpense":974.06},{"BillingCategory":"LOE - ROUTINE TRANSITION SERVICES","Period":"Oct 2010","PeriodDate":"\/Date(1285891200000)\/","TotalExpense":811.98},{"BillingCategory":"LOE - ROUTINE TRANSITION SERVICES","Period":"Sep 2010","PeriodDate":"\/Date(1283299200000)\/","TotalExpense":1580.85}]