[{"Area":"PB-EAST WOLFBERRY OP","BusinessUnit":"PERMIAN BASIN TX","District":"PB-TEXAS OP","Division":"HOUSTON","GrossCashFlow":12035747.77,"NetCashFlow":8738519.09,"Region":"PERMIAN BASIN","Status":"UNKNOWN","StatusDate":"1\/1\/1901","SubArea":"PB-FAIRVIEW","SupplyPointID":"[WellCompletion].[WellCompletion Hierarchy].[WellCompletion].&[20341]","TotalCount":8466,"WellCompletionCode":"1401782","WellCompletionName":"BARNES 03 - 01"},{"Area":"BREA-OLINDA","BusinessUnit":"CALIFORNIA-BU","District":"CALIFORNIA-DIST","Division":"HOUSTON","GrossCashFlow":7649978.42,"NetCashFlow":7649978.42,"Region":"CALIFORNIA","Status":"UNKNOWN","StatusDate":"1\/1\/1901","SubArea":"NON-AERA","SupplyPointID":"[WellCompletion].[WellCompletion Hierarchy].[WellCompletion].&[7078]","TotalCount":8466,"WellCompletionCode":"1266388","WellCompletionName":"STEARNS NGL REVENUE WELL"},{"Area":"NON-OP-ND MCKENZIE COUNTY","BusinessUnit":"WILLISTON BASIN","District":"NORTH DAKOTA","Division":"HOUSTON","GrossCashFlow":10720083.15,"NetCashFlow":7215949.38,"Region":"WILLISTON BASIN","Status":"UNKNOWN","StatusDate":"1\/1\/1901","SubArea":"NON-OP-ND WESTBERG","SupplyPointID":"[WellCompletion].[WellCompletion Hierarchy].[WellCompletion].&[22068]","TotalCount":8466,"WellCompletionCode":"1421862","WellCompletionName":"WISNESS FEDERAL 152-96-4-2H N\/O"},{"Area":"PB-EAST WOLFBERRY OP","BusinessUnit":"PERMIAN BASIN TX","District":"PB-TEXAS OP","Division":"HOUSTON","GrossCashFlow":9686805.89,"NetCashFlow":5778069.58,"Region":"PERMIAN BASIN","Status":"UNKNOWN","StatusDate":"1\/1\/1901","SubArea":"PB-FAIRVIEW","SupplyPointID":"[WellCompletion].[WellCompletion Hierarchy].[WellCompletion].&[20488]","TotalCount":8466,"WellCompletionCode":"1406332","WellCompletionName":"LOUDAMY 45 1"},{"Area":"PB-EAST WOLFBERRY OP","BusinessUnit":"PERMIAN BASIN TX","District":"PB-TEXAS OP","Division":"HOUSTON","GrossCashFlow":5690537.78,"NetCashFlow":4513607.5,"Region":"PERMIAN BASIN","Status":"UNKNOWN","StatusDate":"1\/1\/1901","SubArea":"PB-KNOTT","SupplyPointID":"[WellCompletion].[WellCompletion Hierarchy].[WellCompletion].&[20201]","TotalCount":8466,"WellCompletionCode":"1379873","WellCompletionName":"LINDSAY 5-1"},{"Area":"PB-WEST WOLFBERRY NON-OP","BusinessUnit":"PERMIAN BASIN TX","District":"PB-TEXAS NON-OP","Division":"HOUSTON","GrossCashFlow":14880422.92,"NetCashFlow":4043692.66,"Region":"PERMIAN BASIN","Status":"UNKNOWN","StatusDate":"1\/1\/1901","SubArea":"PB-YOYO","SupplyPointID":"[WellCompletion].[WellCompletion Hierarchy].[WellCompletion].&[17931]","TotalCount":8466,"WellCompletionCode":"1354991","WellCompletionName":"JANET 4710"},{"Area":"PB-EAST WOLFBERRY OP","BusinessUnit":"PERMIAN BASIN TX","District":"PB-TEXAS OP","Division":"HOUSTON","GrossCashFlow":4286371.61,"NetCashFlow":3274008.66,"Region":"PERMIAN BASIN","Status":"UNKNOWN","StatusDate":"1\/1\/1901","SubArea":"PB-KNOTT","SupplyPointID":"[WellCompletion].[WellCompletion Hierarchy].[WellCompletion].&[20254]","TotalCount":8466,"WellCompletionCode":"1380986","WellCompletionName":"LINDSAY 5-5C"},{"Area":"NON-OP-ND MCKENZIE COUNTY","BusinessUnit":"WILLISTON BASIN","District":"NORTH DAKOTA","Division":"HOUSTON","GrossCashFlow":10615039.02,"NetCashFlow":3157270.8,"Region":"WILLISTON BASIN","Status":"UNKNOWN","StatusDate":"1\/1\/1901","SubArea":"NON-OP-ND CHARLSON","SupplyPointID":"[WellCompletion].[WellCompletion Hierarchy].[WellCompletion].&[21028]","TotalCount":8466,"WellCompletionCode":"1415312","WellCompletionName":"SAND CREEK FEDERAL 1-23H N\/O"},{"Area":"NON-OP-ND MOUNTRAIL COUNTY","BusinessUnit":"WILLISTON BASIN","District":"NORTH DAKOTA","Division":"HOUSTON","GrossCashFlow":13189763.78,"NetCashFlow":2586575.1,"Region":"WILLISTON BASIN","Status":"UNKNOWN","StatusDate":"1\/1\/1901","SubArea":"NON-OP-ND VAN HOOK","SupplyPointID":"[WellCompletion].[WellCompletion Hierarchy].[WellCompletion].&[21117]","TotalCount":8466,"WellCompletionCode":"1418480","WellCompletionName":"LUNKER FEDERAL 1-33-4H N\/O"},{"Area":"PB-EAST WOLFBERRY OP","BusinessUnit":"PERMIAN BASIN TX","District":"PB-TEXAS OP","Division":"HOUSTON","GrossCashFlow":3134363.87,"NetCashFlow":2426620.66,"Region":"PERMIAN BASIN","Status":"UNKNOWN","StatusDate":"1\/1\/1901","SubArea":"PB-ACKERLY","SupplyPointID":"[WellCompletion].[WellCompletion Hierarchy].[WellCompletion].&[20889]","TotalCount":8466,"WellCompletionCode":"1408647","WellCompletionName":"BILLIE COX 34A"},{"Area":"BREA-OLINDA","BusinessUnit":"CALIFORNIA-BU","District":"CALIFORNIA-DIST","Division":"HOUSTON","GrossCashFlow":2383100.61,"NetCashFlow":2216876.89,"Region":"CALIFORNIA","Status":"UNKNOWN","StatusDate":"1\/1\/1901","SubArea":"NON-AERA","SupplyPointID":"[WellCompletion].[WellCompletion Hierarchy].[WellCompletion].&[7039]","TotalCount":8466,"WellCompletionCode":"1266387","WellCompletionName":"TONNER STEARNS 102"},{"Area":"PB-EASTERN NM","BusinessUnit":"PERMIAN BASIN NM","District":"PB-NEW MEXICO OP","Division":"HOUSTON","GrossCashFlow":-1700.46,"NetCashFlow":2140275.92,"Region":"PERMIAN BASIN","Status":"UNKNOWN","StatusDate":"1\/1\/1901","SubArea":"PB - EHSAU","SupplyPointID":"[WellCompletion].[WellCompletion Hierarchy].[WellCompletion].&[21478]","TotalCount":8466,"WellCompletionCode":"1420544","WellCompletionName":"EHSAU 101"},{"Area":"PB-EAST WOLFBERRY OP","BusinessUnit":"PERMIAN BASIN TX","District":"PB-TEXAS OP","Division":"HOUSTON","GrossCashFlow":2692584.05,"NetCashFlow":2071096.26,"Region":"PERMIAN BASIN","Status":"UNKNOWN","StatusDate":"1\/1\/1901","SubArea":"PB-FAIRVIEW","SupplyPointID":"[WellCompletion].[WellCompletion Hierarchy].[WellCompletion].&[20248]","TotalCount":8466,"WellCompletionCode":"1380966","WellCompletionName":"KNOTT - TUBB 42-K"},{"Area":"NON-OP-ND MCKENZIE COUNTY","BusinessUnit":"WILLISTON BASIN","District":"NORTH DAKOTA","Division":"HOUSTON","GrossCashFlow":4503769.68,"NetCashFlow":1872689.14,"Region":"WILLISTON BASIN","Status":"UNKNOWN","StatusDate":"1\/1\/1901","SubArea":"NON-OP-ND KEENE","SupplyPointID":"[WellCompletion].[WellCompletion Hierarchy].[WellCompletion].&[21031]","TotalCount":8466,"WellCompletionCode":"1415320","WellCompletionName":"SAND CREEK FEDERAL 1-27HA N\/O"},{"Area":"BREA-OLINDA","BusinessUnit":"CALIFORNIA-BU","District":"CALIFORNIA-DIST","Division":"HOUSTON","GrossCashFlow":1963683.65,"NetCashFlow":1826507.82,"Region":"CALIFORNIA","Status":"UNKNOWN","StatusDate":"1\/1\/1901","SubArea":"NON-AERA","SupplyPointID":"[WellCompletion].[WellCompletion Hierarchy].[WellCompletion].&[20903]","TotalCount":8466,"WellCompletionCode":"1409744","WellCompletionName":"TONNER-STEARNS 104"}]