 {
   "children": [
     {
       "children": [], 
       "data": {
         "playcount": "-450", 
         "color": "#3974af", 
         "area": 1350
       }, 
       "id": "album-Militarypersonnel", 
       "name": "NGL"
     },
     {
       "children": [], 
       "data": {
         "playcount": "50", 
         "color": "#326599", 
         
         "area": 1230
       }, 
       "id": "album-Ongoing", 
       "name": "Oil"
     }, 
     {
       "children": [], 
       "data": {
         "playcount": "60.9", 
         "color": "#2a5581", 
         
         "area": 296
       }, 
       "id": "album-Othernationaldefense", 
       "name": "Gas"
     }
    ],
   "data": {
     "playcount": 100, 
     "area": 2253
   }, 
   "id": "artist-Nationaldefense", 
   "name": "Daily Average Volume"
 }
   
