[{"AnalysisDate":"\/Date(1314835200000)\/","DownHours":504,"DownTimeReason":null,"Forecast":3304.078,"Gas":94.9228,"NGL":0,"Oil":3288.6108,"ProductionLoss":873.855,"ResidueGas":94.9228,"Total":3383.5335999999998,"UnixDT":1314835200,"Water":0},{"AnalysisDate":"\/Date(1314921600000)\/","DownHours":504,"DownTimeReason":null,"Forecast":3304.078,"Gas":86.6689,"NGL":0,"Oil":3232.6506,"ProductionLoss":894.02649999999994,"ResidueGas":86.6689,"Total":3319.3195,"UnixDT":1314921600,"Water":0},{"AnalysisDate":"\/Date(1315008000000)\/","DownHours":504,"DownTimeReason":null,"Forecast":3304.4074,"Gas":81.7163,"NGL":0,"Oil":3076.746,"ProductionLoss":962.2532,"ResidueGas":81.7163,"Total":3158.4623,"UnixDT":1315008000,"Water":0},{"AnalysisDate":"\/Date(1315094400000)\/","DownHours":504,"DownTimeReason":null,"Forecast":3304.4074,"Gas":81.7163,"NGL":0,"Oil":3017.0442,"ProductionLoss":989.0198,"ResidueGas":81.7163,"Total":3098.7605,"UnixDT":1315094400,"Water":0},{"AnalysisDate":"\/Date(1315180800000)\/","DownHours":504,"DownTimeReason":null,"Forecast":3304.0774,"Gas":81.7163,"NGL":0,"Oil":3036.6636,"ProductionLoss":980.3288,"ResidueGas":81.7163,"Total":3118.3799,"UnixDT":1315180800,"Water":0},{"AnalysisDate":"\/Date(1315267200000)\/","DownHours":504,"DownTimeReason":null,"Forecast":3303.0898,"Gas":80.8909,"NGL":0,"Oil":3029.6226,"ProductionLoss":975.5215,"ResidueGas":80.8909,"Total":3110.5135,"UnixDT":1315267200,"Water":0},{"AnalysisDate":"\/Date(1315353600000)\/","DownHours":504,"DownTimeReason":null,"Forecast":0,"Gas":80.0653,"NGL":0,"Oil":3249.138,"ProductionLoss":0,"ResidueGas":80.0653,"Total":3329.2033,"UnixDT":1315353600,"Water":0},{"AnalysisDate":"\/Date(1315440000000)\/","DownHours":504,"DownTimeReason":null,"Forecast":0,"Gas":80.0653,"NGL":0,"Oil":2946.5556,"ProductionLoss":0,"ResidueGas":80.0653,"Total":3026.6209000000003,"UnixDT":1315440000,"Water":0},{"AnalysisDate":"\/Date(1315526400000)\/","DownHours":485,"DownTimeReason":null,"Forecast":0,"Gas":80.0653,"NGL":0,"Oil":3053.9502,"ProductionLoss":0,"ResidueGas":80.0653,"Total":3134.0155000000004,"UnixDT":1315526400,"Water":0},{"AnalysisDate":"\/Date(1315612800000)\/","DownHours":832,"DownTimeReason":null,"Forecast":0,"Gas":68.5097,"NGL":0,"Oil":2803.9572,"ProductionLoss":0,"ResidueGas":68.5097,"Total":2872.4669,"UnixDT":1315612800,"Water":0},{"AnalysisDate":"\/Date(1315699200000)\/","DownHours":480,"DownTimeReason":null,"Forecast":0,"Gas":70.986,"NGL":0,"Oil":3172.149,"ProductionLoss":0,"ResidueGas":70.986,"Total":3243.1349999999998,"UnixDT":1315699200,"Water":0},{"AnalysisDate":"\/Date(1315785600000)\/","DownHours":480,"DownTimeReason":null,"Forecast":0,"Gas":70.986,"NGL":0,"Oil":2889.1116,"ProductionLoss":0,"ResidueGas":70.986,"Total":2960.0976,"UnixDT":1315785600,"Water":0},{"AnalysisDate":"\/Date(1315872000000)\/","DownHours":480,"DownTimeReason":null,"Forecast":0,"Gas":69.335,"NGL":0,"Oil":3115.602,"ProductionLoss":0,"ResidueGas":69.335,"Total":3184.937,"UnixDT":1315872000,"Water":0},{"AnalysisDate":"\/Date(1315958400000)\/","DownHours":496,"DownTimeReason":null,"Forecast":0,"Gas":70.1606,"NGL":0,"Oil":3202.2738,"ProductionLoss":0,"ResidueGas":70.1606,"Total":3272.4344,"UnixDT":1315958400,"Water":0},{"AnalysisDate":"\/Date(1316044800000)\/","DownHours":1062,"DownTimeReason":null,"Forecast":0,"Gas":68.5097,"NGL":0,"Oil":2875.9116,"ProductionLoss":0,"ResidueGas":68.5097,"Total":2944.4213,"UnixDT":1316044800,"Water":0},{"AnalysisDate":"\/Date(1316131200000)\/","DownHours":512,"DownTimeReason":null,"Forecast":0,"Gas":71.8113,"NGL":0,"Oil":3133.533,"ProductionLoss":0,"ResidueGas":71.8113,"Total":3205.3442999999997,"UnixDT":1316131200,"Water":0},{"AnalysisDate":"\/Date(1316217600000)\/","DownHours":486,"DownTimeReason":null,"Forecast":0,"Gas":71.8113,"NGL":0,"Oil":3038.6832,"ProductionLoss":0,"ResidueGas":71.8113,"Total":3110.4945,"UnixDT":1316217600,"Water":0},{"AnalysisDate":"\/Date(1316304000000)\/","DownHours":1592,"DownTimeReason":null,"Forecast":0,"Gas":63.557,"NGL":0,"Oil":2650.4298,"ProductionLoss":0,"ResidueGas":63.557,"Total":2713.9867999999997,"UnixDT":1316304000,"Water":0},{"AnalysisDate":"\/Date(1316390400000)\/","DownHours":480,"DownTimeReason":null,"Forecast":0,"Gas":70.986,"NGL":0,"Oil":2951.508,"ProductionLoss":0,"ResidueGas":70.986,"Total":3022.4939999999997,"UnixDT":1316390400,"Water":0},{"AnalysisDate":"\/Date(1316476800000)\/","DownHours":480,"DownTimeReason":null,"Forecast":0,"Gas":9.9049,"NGL":0,"Oil":2960.6742,"ProductionLoss":0,"ResidueGas":9.9049,"Total":2970.5791,"UnixDT":1316476800,"Water":0},{"AnalysisDate":"\/Date(1316563200000)\/","DownHours":456,"DownTimeReason":null,"Forecast":0,"Gas":0,"NGL":0,"Oil":3350.3868,"ProductionLoss":0,"ResidueGas":0,"Total":3350.3868,"UnixDT":1316563200,"Water":0},{"AnalysisDate":"\/Date(1316649600000)\/","DownHours":1032,"DownTimeReason":null,"Forecast":0,"Gas":47.8744,"NGL":0,"Oil":3088.152,"ProductionLoss":0,"ResidueGas":47.8744,"Total":3136.0264,"UnixDT":1316649600,"Water":0},{"AnalysisDate":"\/Date(1316736000000)\/","DownHours":456,"DownTimeReason":null,"Forecast":0,"Gas":65.208,"NGL":0,"Oil":4717.5906,"ProductionLoss":0,"ResidueGas":65.208,"Total":4782.7986,"UnixDT":1316736000,"Water":0},{"AnalysisDate":"\/Date(1316822400000)\/","DownHours":456,"DownTimeReason":null,"Forecast":0,"Gas":66.8589,"NGL":0,"Oil":3518.5008,"ProductionLoss":0,"ResidueGas":66.8589,"Total":3585.3597,"UnixDT":1316822400,"Water":0},{"AnalysisDate":"\/Date(1316908800000)\/","DownHours":456,"DownTimeReason":null,"Forecast":0,"Gas":70.1606,"NGL":0,"Oil":3350.1924,"ProductionLoss":0,"ResidueGas":70.1606,"Total":3420.353,"UnixDT":1316908800,"Water":0},{"AnalysisDate":"\/Date(1316995200000)\/","DownHours":456,"DownTimeReason":null,"Forecast":0,"Gas":70.986,"NGL":0,"Oil":3132.6078,"ProductionLoss":0,"ResidueGas":70.986,"Total":3203.5938,"UnixDT":1316995200,"Water":0},{"AnalysisDate":"\/Date(1317081600000)\/","DownHours":456,"DownTimeReason":null,"Forecast":0,"Gas":70.986,"NGL":0,"Oil":3036.4266,"ProductionLoss":0,"ResidueGas":70.986,"Total":3107.4125999999997,"UnixDT":1317081600,"Water":0},{"AnalysisDate":"\/Date(1317168000000)\/","DownHours":456,"DownTimeReason":null,"Forecast":0,"Gas":70.9858,"NGL":0,"Oil":3104.7414,"ProductionLoss":0,"ResidueGas":70.9858,"Total":3175.7272,"UnixDT":1317168000,"Water":0},{"AnalysisDate":"\/Date(1317254400000)\/","DownHours":1012,"DownTimeReason":null,"Forecast":0,"Gas":70.9858,"NGL":0,"Oil":2567.6898,"ProductionLoss":0,"ResidueGas":70.9858,"Total":2638.6756,"UnixDT":1317254400,"Water":0}]