[{"ProductionPointWellName":"806560","PropertyID":"1269249"},{"ProductionPointWellName":"806642","PropertyID":"1269250"},{"ProductionPointWellName":"806798","PropertyID":"1269255"},{"ProductionPointWellName":"806799","PropertyID":"1269256"},{"ProductionPointWellName":"806800","PropertyID":"1269251"},{"ProductionPointWellName":"806801","PropertyID":"1269254"},{"ProductionPointWellName":"806802","PropertyID":"1269253"},{"ProductionPointWellName":"806902","PropertyID":"1269252"},{"ProductionPointWellName":"808063","PropertyID":"1269266"},{"ProductionPointWellName":"808077","PropertyID":"1269257"},{"ProductionPointWellName":"808127","PropertyID":"1269258"},{"ProductionPointWellName":"808191","PropertyID":"1269263"},{"ProductionPointWellName":"808236","PropertyID":"1269264"},{"ProductionPointWellName":"808268","PropertyID":"1269268"}]